STATECD,COUNTYCD,FIPS,STATEABBR
1,1,1001,AL
1,3,1003,AL
1,5,1005,AL
1,7,1007,AL
1,9,1009,AL
1,11,1011,AL
1,13,1013,AL
1,15,1015,AL
1,17,1017,AL
1,19,1019,AL
1,21,1021,AL
1,23,1023,AL
1,25,1025,AL
1,27,1027,AL
1,29,1029,AL
1,31,1031,AL
1,33,1033,AL
1,35,1035,AL
1,37,1037,AL
1,39,1039,AL
1,41,1041,AL
1,43,1043,AL
1,45,1045,AL
1,47,1047,AL
1,49,1049,AL
1,51,1051,AL
1,53,1053,AL
1,55,1055,AL
1,57,1057,AL
1,59,1059,AL
1,61,1061,AL
1,63,1063,AL
1,65,1065,AL
1,67,1067,AL
1,69,1069,AL
1,71,1071,AL
1,73,1073,AL
1,75,1075,AL
1,77,1077,AL
1,79,1079,AL
1,81,1081,AL
1,83,1083,AL
1,85,1085,AL
1,87,1087,AL
1,89,1089,AL
1,91,1091,AL
1,93,1093,AL
1,95,1095,AL
1,97,1097,AL
1,99,1099,AL
1,101,1101,AL
1,103,1103,AL
1,105,1105,AL
1,107,1107,AL
1,109,1109,AL
1,111,1111,AL
1,113,1113,AL
1,115,1115,AL
1,117,1117,AL
1,119,1119,AL
1,121,1121,AL
1,123,1123,AL
1,125,1125,AL
1,127,1127,AL
1,129,1129,AL
1,131,1131,AL
1,133,1133,AL
2,13,2013,AK
2,16,2016,AK
2,20,2020,AK
2,50,2050,AK
2,60,2060,AK
2,68,2068,AK
2,70,2070,AK
2,90,2090,AK
2,100,2100,AK
2,110,2110,AK
2,122,2122,AK
2,130,2130,AK
2,150,2150,AK
2,164,2164,AK
2,170,2170,AK
2,180,2180,AK
2,185,2185,AK
2,188,2188,AK
2,201,2201,AK
2,220,2220,AK
2,232,2232,AK
2,240,2240,AK
2,261,2261,AK
2,270,2270,AK
2,280,2280,AK
2,282,2282,AK
2,290,2290,AK
4,1,4001,AZ
4,3,4003,AZ
4,5,4005,AZ
4,7,4007,AZ
4,9,4009,AZ
4,11,4011,AZ
4,12,4012,AZ
4,13,4013,AZ
4,15,4015,AZ
4,17,4017,AZ
4,19,4019,AZ
4,21,4021,AZ
4,23,4023,AZ
4,25,4025,AZ
4,27,4027,AZ
5,1,5001,AR
5,3,5003,AR
5,5,5005,AR
5,7,5007,AR
5,9,5009,AR
5,11,5011,AR
5,13,5013,AR
5,15,5015,AR
5,17,5017,AR
5,19,5019,AR
5,21,5021,AR
5,23,5023,AR
5,25,5025,AR
5,27,5027,AR
5,29,5029,AR
5,31,5031,AR
5,33,5033,AR
5,35,5035,AR
5,37,5037,AR
5,39,5039,AR
5,41,5041,AR
5,43,5043,AR
5,45,5045,AR
5,47,5047,AR
5,49,5049,AR
5,51,5051,AR
5,53,5053,AR
5,55,5055,AR
5,57,5057,AR
5,59,5059,AR
5,61,5061,AR
5,63,5063,AR
5,65,5065,AR
5,67,5067,AR
5,69,5069,AR
5,71,5071,AR
5,73,5073,AR
5,75,5075,AR
5,77,5077,AR
5,79,5079,AR
5,81,5081,AR
5,83,5083,AR
5,85,5085,AR
5,87,5087,AR
5,89,5089,AR
5,91,5091,AR
5,93,5093,AR
5,95,5095,AR
5,97,5097,AR
5,99,5099,AR
5,101,5101,AR
5,103,5103,AR
5,105,5105,AR
5,107,5107,AR
5,109,5109,AR
5,111,5111,AR
5,113,5113,AR
5,115,5115,AR
5,117,5117,AR
5,119,5119,AR
5,121,5121,AR
5,123,5123,AR
5,125,5125,AR
5,127,5127,AR
5,129,5129,AR
5,131,5131,AR
5,133,5133,AR
5,135,5135,AR
5,137,5137,AR
5,139,5139,AR
5,141,5141,AR
5,143,5143,AR
5,145,5145,AR
5,147,5147,AR
5,149,5149,AR
6,1,6001,CA
6,3,6003,CA
6,5,6005,CA
6,7,6007,CA
6,9,6009,CA
6,11,6011,CA
6,13,6013,CA
6,15,6015,CA
6,17,6017,CA
6,19,6019,CA
6,21,6021,CA
6,23,6023,CA
6,25,6025,CA
6,27,6027,CA
6,29,6029,CA
6,31,6031,CA
6,33,6033,CA
6,35,6035,CA
6,37,6037,CA
6,39,6039,CA
6,41,6041,CA
6,43,6043,CA
6,45,6045,CA
6,47,6047,CA
6,49,6049,CA
6,51,6051,CA
6,53,6053,CA
6,55,6055,CA
6,57,6057,CA
6,59,6059,CA
6,61,6061,CA
6,63,6063,CA
6,65,6065,CA
6,67,6067,CA
6,69,6069,CA
6,71,6071,CA
6,73,6073,CA
6,75,6075,CA
6,77,6077,CA
6,79,6079,CA
6,81,6081,CA
6,83,6083,CA
6,85,6085,CA
6,87,6087,CA
6,89,6089,CA
6,91,6091,CA
6,93,6093,CA
6,95,6095,CA
6,97,6097,CA
6,99,6099,CA
6,101,6101,CA
6,103,6103,CA
6,105,6105,CA
6,107,6107,CA
6,109,6109,CA
6,111,6111,CA
6,113,6113,CA
6,115,6115,CA
8,1,8001,CO
8,3,8003,CO
8,5,8005,CO
8,7,8007,CO
8,9,8009,CO
8,11,8011,CO
8,13,8013,CO
8,15,8015,CO
8,17,8017,CO
8,19,8019,CO
8,21,8021,CO
8,23,8023,CO
8,25,8025,CO
8,27,8027,CO
8,29,8029,CO
8,31,8031,CO
8,33,8033,CO
8,35,8035,CO
8,37,8037,CO
8,39,8039,CO
8,41,8041,CO
8,43,8043,CO
8,45,8045,CO
8,47,8047,CO
8,49,8049,CO
8,51,8051,CO
8,53,8053,CO
8,55,8055,CO
8,57,8057,CO
8,59,8059,CO
8,61,8061,CO
8,63,8063,CO
8,65,8065,CO
8,67,8067,CO
8,69,8069,CO
8,71,8071,CO
8,73,8073,CO
8,75,8075,CO
8,77,8077,CO
8,79,8079,CO
8,81,8081,CO
8,83,8083,CO
8,85,8085,CO
8,87,8087,CO
8,89,8089,CO
8,91,8091,CO
8,93,8093,CO
8,95,8095,CO
8,97,8097,CO
8,99,8099,CO
8,101,8101,CO
8,103,8103,CO
8,105,8105,CO
8,107,8107,CO
8,109,8109,CO
8,111,8111,CO
8,113,8113,CO
8,115,8115,CO
8,117,8117,CO
8,119,8119,CO
8,121,8121,CO
8,123,8123,CO
8,125,8125,CO
9,1,9001,CT
9,3,9003,CT
9,5,9005,CT
9,7,9007,CT
9,9,9009,CT
9,11,9011,CT
9,13,9013,CT
9,15,9015,CT
10,1,10001,DE
10,3,10003,DE
10,5,10005,DE
11,1,11001,DC
12,1,12001,FL
12,3,12003,FL
12,5,12005,FL
12,7,12007,FL
12,9,12009,FL
12,11,12011,FL
12,13,12013,FL
12,15,12015,FL
12,17,12017,FL
12,19,12019,FL
12,21,12021,FL
12,23,12023,FL
12,27,12027,FL
12,29,12029,FL
12,31,12031,FL
12,33,12033,FL
12,35,12035,FL
12,37,12037,FL
12,39,12039,FL
12,41,12041,FL
12,43,12043,FL
12,45,12045,FL
12,47,12047,FL
12,49,12049,FL
12,51,12051,FL
12,53,12053,FL
12,55,12055,FL
12,57,12057,FL
12,59,12059,FL
12,61,12061,FL
12,63,12063,FL
12,65,12065,FL
12,67,12067,FL
12,69,12069,FL
12,71,12071,FL
12,73,12073,FL
12,75,12075,FL
12,77,12077,FL
12,79,12079,FL
12,81,12081,FL
12,83,12083,FL
12,85,12085,FL
12,86,12086,FL
12,87,12087,FL
12,89,12089,FL
12,91,12091,FL
12,93,12093,FL
12,95,12095,FL
12,97,12097,FL
12,99,12099,FL
12,101,12101,FL
12,103,12103,FL
12,105,12105,FL
12,107,12107,FL
12,109,12109,FL
12,111,12111,FL
12,113,12113,FL
12,115,12115,FL
12,117,12117,FL
12,119,12119,FL
12,121,12121,FL
12,123,12123,FL
12,125,12125,FL
12,127,12127,FL
12,129,12129,FL
12,131,12131,FL
12,133,12133,FL
13,1,13001,GA
13,3,13003,GA
13,5,13005,GA
13,7,13007,GA
13,9,13009,GA
13,11,13011,GA
13,13,13013,GA
13,15,13015,GA
13,17,13017,GA
13,19,13019,GA
13,21,13021,GA
13,23,13023,GA
13,25,13025,GA
13,27,13027,GA
13,29,13029,GA
13,31,13031,GA
13,33,13033,GA
13,35,13035,GA
13,37,13037,GA
13,39,13039,GA
13,43,13043,GA
13,45,13045,GA
13,47,13047,GA
13,49,13049,GA
13,51,13051,GA
13,53,13053,GA
13,55,13055,GA
13,57,13057,GA
13,59,13059,GA
13,61,13061,GA
13,63,13063,GA
13,65,13065,GA
13,67,13067,GA
13,69,13069,GA
13,71,13071,GA
13,73,13073,GA
13,75,13075,GA
13,77,13077,GA
13,79,13079,GA
13,81,13081,GA
13,83,13083,GA
13,85,13085,GA
13,87,13087,GA
13,89,13089,GA
13,91,13091,GA
13,93,13093,GA
13,95,13095,GA
13,97,13097,GA
13,99,13099,GA
13,101,13101,GA
13,103,13103,GA
13,105,13105,GA
13,107,13107,GA
13,109,13109,GA
13,111,13111,GA
13,113,13113,GA
13,115,13115,GA
13,117,13117,GA
13,119,13119,GA
13,121,13121,GA
13,123,13123,GA
13,125,13125,GA
13,127,13127,GA
13,129,13129,GA
13,131,13131,GA
13,133,13133,GA
13,135,13135,GA
13,137,13137,GA
13,139,13139,GA
13,141,13141,GA
13,143,13143,GA
13,145,13145,GA
13,147,13147,GA
13,149,13149,GA
13,151,13151,GA
13,153,13153,GA
13,155,13155,GA
13,157,13157,GA
13,159,13159,GA
13,161,13161,GA
13,163,13163,GA
13,165,13165,GA
13,167,13167,GA
13,169,13169,GA
13,171,13171,GA
13,173,13173,GA
13,175,13175,GA
13,177,13177,GA
13,179,13179,GA
13,181,13181,GA
13,183,13183,GA
13,185,13185,GA
13,187,13187,GA
13,189,13189,GA
13,191,13191,GA
13,193,13193,GA
13,195,13195,GA
13,197,13197,GA
13,199,13199,GA
13,201,13201,GA
13,205,13205,GA
13,207,13207,GA
13,209,13209,GA
13,211,13211,GA
13,213,13213,GA
13,215,13215,GA
13,217,13217,GA
13,219,13219,GA
13,221,13221,GA
13,223,13223,GA
13,225,13225,GA
13,227,13227,GA
13,229,13229,GA
13,231,13231,GA
13,233,13233,GA
13,235,13235,GA
13,237,13237,GA
13,239,13239,GA
13,241,13241,GA
13,243,13243,GA
13,245,13245,GA
13,247,13247,GA
13,249,13249,GA
13,251,13251,GA
13,253,13253,GA
13,255,13255,GA
13,257,13257,GA
13,259,13259,GA
13,261,13261,GA
13,263,13263,GA
13,265,13265,GA
13,267,13267,GA
13,269,13269,GA
13,271,13271,GA
13,273,13273,GA
13,275,13275,GA
13,277,13277,GA
13,279,13279,GA
13,281,13281,GA
13,283,13283,GA
13,285,13285,GA
13,287,13287,GA
13,289,13289,GA
13,291,13291,GA
13,293,13293,GA
13,295,13295,GA
13,297,13297,GA
13,299,13299,GA
13,301,13301,GA
13,303,13303,GA
13,305,13305,GA
13,307,13307,GA
13,309,13309,GA
13,311,13311,GA
13,313,13313,GA
13,315,13315,GA
13,317,13317,GA
13,319,13319,GA
13,321,13321,GA
15,1,15001,HI
15,3,15003,HI
15,7,15007,HI
15,9,15009,HI
16,1,16001,ID
16,3,16003,ID
16,5,16005,ID
16,7,16007,ID
16,9,16009,ID
16,11,16011,ID
16,13,16013,ID
16,15,16015,ID
16,17,16017,ID
16,19,16019,ID
16,21,16021,ID
16,23,16023,ID
16,25,16025,ID
16,27,16027,ID
16,29,16029,ID
16,31,16031,ID
16,33,16033,ID
16,35,16035,ID
16,37,16037,ID
16,39,16039,ID
16,41,16041,ID
16,43,16043,ID
16,45,16045,ID
16,47,16047,ID
16,49,16049,ID
16,51,16051,ID
16,53,16053,ID
16,55,16055,ID
16,57,16057,ID
16,59,16059,ID
16,61,16061,ID
16,63,16063,ID
16,65,16065,ID
16,67,16067,ID
16,69,16069,ID
16,71,16071,ID
16,73,16073,ID
16,75,16075,ID
16,77,16077,ID
16,79,16079,ID
16,81,16081,ID
16,83,16083,ID
16,85,16085,ID
16,87,16087,ID
17,1,17001,IL
17,3,17003,IL
17,5,17005,IL
17,7,17007,IL
17,9,17009,IL
17,11,17011,IL
17,13,17013,IL
17,15,17015,IL
17,17,17017,IL
17,19,17019,IL
17,21,17021,IL
17,23,17023,IL
17,25,17025,IL
17,27,17027,IL
17,29,17029,IL
17,31,17031,IL
17,33,17033,IL
17,35,17035,IL
17,37,17037,IL
17,39,17039,IL
17,41,17041,IL
17,43,17043,IL
17,45,17045,IL
17,47,17047,IL
17,49,17049,IL
17,51,17051,IL
17,53,17053,IL
17,55,17055,IL
17,57,17057,IL
17,59,17059,IL
17,61,17061,IL
17,63,17063,IL
17,65,17065,IL
17,67,17067,IL
17,69,17069,IL
17,71,17071,IL
17,73,17073,IL
17,75,17075,IL
17,77,17077,IL
17,79,17079,IL
17,81,17081,IL
17,83,17083,IL
17,85,17085,IL
17,87,17087,IL
17,89,17089,IL
17,91,17091,IL
17,93,17093,IL
17,95,17095,IL
17,97,17097,IL
17,99,17099,IL
17,101,17101,IL
17,103,17103,IL
17,105,17105,IL
17,107,17107,IL
17,109,17109,IL
17,111,17111,IL
17,113,17113,IL
17,115,17115,IL
17,117,17117,IL
17,119,17119,IL
17,121,17121,IL
17,123,17123,IL
17,125,17125,IL
17,127,17127,IL
17,129,17129,IL
17,131,17131,IL
17,133,17133,IL
17,135,17135,IL
17,137,17137,IL
17,139,17139,IL
17,141,17141,IL
17,143,17143,IL
17,145,17145,IL
17,147,17147,IL
17,149,17149,IL
17,151,17151,IL
17,153,17153,IL
17,155,17155,IL
17,157,17157,IL
17,159,17159,IL
17,161,17161,IL
17,163,17163,IL
17,165,17165,IL
17,167,17167,IL
17,169,17169,IL
17,171,17171,IL
17,173,17173,IL
17,175,17175,IL
17,177,17177,IL
17,179,17179,IL
17,181,17181,IL
17,183,17183,IL
17,185,17185,IL
17,187,17187,IL
17,189,17189,IL
17,191,17191,IL
17,193,17193,IL
17,195,17195,IL
17,197,17197,IL
17,199,17199,IL
17,201,17201,IL
17,203,17203,IL
18,1,18001,IN
18,3,18003,IN
18,5,18005,IN
18,7,18007,IN
18,9,18009,IN
18,11,18011,IN
18,13,18013,IN
18,15,18015,IN
18,17,18017,IN
18,19,18019,IN
18,21,18021,IN
18,23,18023,IN
18,25,18025,IN
18,27,18027,IN
18,29,18029,IN
18,31,18031,IN
18,33,18033,IN
18,35,18035,IN
18,37,18037,IN
18,39,18039,IN
18,41,18041,IN
18,43,18043,IN
18,45,18045,IN
18,47,18047,IN
18,49,18049,IN
18,51,18051,IN
18,53,18053,IN
18,55,18055,IN
18,57,18057,IN
18,59,18059,IN
18,61,18061,IN
18,63,18063,IN
18,65,18065,IN
18,67,18067,IN
18,69,18069,IN
18,71,18071,IN
18,73,18073,IN
18,75,18075,IN
18,77,18077,IN
18,79,18079,IN
18,81,18081,IN
18,83,18083,IN
18,85,18085,IN
18,87,18087,IN
18,89,18089,IN
18,91,18091,IN
18,93,18093,IN
18,95,18095,IN
18,97,18097,IN
18,99,18099,IN
18,101,18101,IN
18,103,18103,IN
18,105,18105,IN
18,107,18107,IN
18,109,18109,IN
18,111,18111,IN
18,113,18113,IN
18,115,18115,IN
18,117,18117,IN
18,119,18119,IN
18,121,18121,IN
18,123,18123,IN
18,125,18125,IN
18,127,18127,IN
18,129,18129,IN
18,131,18131,IN
18,133,18133,IN
18,135,18135,IN
18,137,18137,IN
18,139,18139,IN
18,141,18141,IN
18,143,18143,IN
18,145,18145,IN
18,147,18147,IN
18,149,18149,IN
18,151,18151,IN
18,153,18153,IN
18,155,18155,IN
18,157,18157,IN
18,159,18159,IN
18,161,18161,IN
18,163,18163,IN
18,165,18165,IN
18,167,18167,IN
18,169,18169,IN
18,171,18171,IN
18,173,18173,IN
18,175,18175,IN
18,177,18177,IN
18,179,18179,IN
18,181,18181,IN
18,183,18183,IN
19,1,19001,IA
19,3,19003,IA
19,5,19005,IA
19,7,19007,IA
19,9,19009,IA
19,11,19011,IA
19,13,19013,IA
19,15,19015,IA
19,17,19017,IA
19,19,19019,IA
19,21,19021,IA
19,23,19023,IA
19,25,19025,IA
19,27,19027,IA
19,29,19029,IA
19,31,19031,IA
19,33,19033,IA
19,35,19035,IA
19,37,19037,IA
19,39,19039,IA
19,41,19041,IA
19,43,19043,IA
19,45,19045,IA
19,47,19047,IA
19,49,19049,IA
19,51,19051,IA
19,53,19053,IA
19,55,19055,IA
19,57,19057,IA
19,59,19059,IA
19,61,19061,IA
19,63,19063,IA
19,65,19065,IA
19,67,19067,IA
19,69,19069,IA
19,71,19071,IA
19,73,19073,IA
19,75,19075,IA
19,77,19077,IA
19,79,19079,IA
19,81,19081,IA
19,83,19083,IA
19,85,19085,IA
19,87,19087,IA
19,89,19089,IA
19,91,19091,IA
19,93,19093,IA
19,95,19095,IA
19,97,19097,IA
19,99,19099,IA
19,101,19101,IA
19,103,19103,IA
19,105,19105,IA
19,107,19107,IA
19,109,19109,IA
19,111,19111,IA
19,113,19113,IA
19,115,19115,IA
19,117,19117,IA
19,119,19119,IA
19,121,19121,IA
19,123,19123,IA
19,125,19125,IA
19,127,19127,IA
19,129,19129,IA
19,131,19131,IA
19,133,19133,IA
19,135,19135,IA
19,137,19137,IA
19,139,19139,IA
19,141,19141,IA
19,143,19143,IA
19,145,19145,IA
19,147,19147,IA
19,149,19149,IA
19,151,19151,IA
19,153,19153,IA
19,155,19155,IA
19,157,19157,IA
19,159,19159,IA
19,161,19161,IA
19,163,19163,IA
19,165,19165,IA
19,167,19167,IA
19,169,19169,IA
19,171,19171,IA
19,173,19173,IA
19,175,19175,IA
19,177,19177,IA
19,179,19179,IA
19,181,19181,IA
19,183,19183,IA
19,185,19185,IA
19,187,19187,IA
19,189,19189,IA
19,191,19191,IA
19,193,19193,IA
19,195,19195,IA
19,197,19197,IA
20,1,20001,KS
20,3,20003,KS
20,5,20005,KS
20,7,20007,KS
20,9,20009,KS
20,11,20011,KS
20,13,20013,KS
20,15,20015,KS
20,17,20017,KS
20,19,20019,KS
20,21,20021,KS
20,23,20023,KS
20,25,20025,KS
20,27,20027,KS
20,29,20029,KS
20,31,20031,KS
20,33,20033,KS
20,35,20035,KS
20,37,20037,KS
20,39,20039,KS
20,41,20041,KS
20,43,20043,KS
20,45,20045,KS
20,47,20047,KS
20,49,20049,KS
20,51,20051,KS
20,53,20053,KS
20,55,20055,KS
20,57,20057,KS
20,59,20059,KS
20,61,20061,KS
20,63,20063,KS
20,65,20065,KS
20,67,20067,KS
20,69,20069,KS
20,71,20071,KS
20,73,20073,KS
20,75,20075,KS
20,77,20077,KS
20,79,20079,KS
20,81,20081,KS
20,83,20083,KS
20,85,20085,KS
20,87,20087,KS
20,89,20089,KS
20,91,20091,KS
20,93,20093,KS
20,95,20095,KS
20,97,20097,KS
20,99,20099,KS
20,101,20101,KS
20,103,20103,KS
20,105,20105,KS
20,107,20107,KS
20,109,20109,KS
20,111,20111,KS
20,113,20113,KS
20,115,20115,KS
20,117,20117,KS
20,119,20119,KS
20,121,20121,KS
20,123,20123,KS
20,125,20125,KS
20,127,20127,KS
20,129,20129,KS
20,131,20131,KS
20,133,20133,KS
20,135,20135,KS
20,137,20137,KS
20,139,20139,KS
20,141,20141,KS
20,143,20143,KS
20,145,20145,KS
20,147,20147,KS
20,149,20149,KS
20,151,20151,KS
20,153,20153,KS
20,155,20155,KS
20,157,20157,KS
20,159,20159,KS
20,161,20161,KS
20,163,20163,KS
20,165,20165,KS
20,167,20167,KS
20,169,20169,KS
20,171,20171,KS
20,173,20173,KS
20,175,20175,KS
20,177,20177,KS
20,179,20179,KS
20,181,20181,KS
20,183,20183,KS
20,185,20185,KS
20,187,20187,KS
20,189,20189,KS
20,191,20191,KS
20,193,20193,KS
20,195,20195,KS
20,197,20197,KS
20,199,20199,KS
20,201,20201,KS
20,203,20203,KS
20,205,20205,KS
20,207,20207,KS
20,209,20209,KS
21,1,21001,KY
21,3,21003,KY
21,5,21005,KY
21,7,21007,KY
21,9,21009,KY
21,11,21011,KY
21,13,21013,KY
21,15,21015,KY
21,17,21017,KY
21,19,21019,KY
21,21,21021,KY
21,23,21023,KY
21,25,21025,KY
21,27,21027,KY
21,29,21029,KY
21,31,21031,KY
21,33,21033,KY
21,35,21035,KY
21,37,21037,KY
21,39,21039,KY
21,41,21041,KY
21,43,21043,KY
21,45,21045,KY
21,47,21047,KY
21,49,21049,KY
21,51,21051,KY
21,53,21053,KY
21,55,21055,KY
21,57,21057,KY
21,59,21059,KY
21,61,21061,KY
21,63,21063,KY
21,65,21065,KY
21,67,21067,KY
21,69,21069,KY
21,71,21071,KY
21,73,21073,KY
21,75,21075,KY
21,77,21077,KY
21,79,21079,KY
21,81,21081,KY
21,83,21083,KY
21,85,21085,KY
21,87,21087,KY
21,89,21089,KY
21,91,21091,KY
21,93,21093,KY
21,95,21095,KY
21,97,21097,KY
21,99,21099,KY
21,101,21101,KY
21,103,21103,KY
21,105,21105,KY
21,107,21107,KY
21,109,21109,KY
21,111,21111,KY
21,113,21113,KY
21,115,21115,KY
21,117,21117,KY
21,119,21119,KY
21,121,21121,KY
21,123,21123,KY
21,125,21125,KY
21,127,21127,KY
21,129,21129,KY
21,131,21131,KY
21,133,21133,KY
21,135,21135,KY
21,137,21137,KY
21,139,21139,KY
21,141,21141,KY
21,143,21143,KY
21,145,21145,KY
21,147,21147,KY
21,149,21149,KY
21,151,21151,KY
21,153,21153,KY
21,155,21155,KY
21,157,21157,KY
21,159,21159,KY
21,161,21161,KY
21,163,21163,KY
21,165,21165,KY
21,167,21167,KY
21,169,21169,KY
21,171,21171,KY
21,173,21173,KY
21,175,21175,KY
21,177,21177,KY
21,179,21179,KY
21,181,21181,KY
21,183,21183,KY
21,185,21185,KY
21,187,21187,KY
21,189,21189,KY
21,191,21191,KY
21,193,21193,KY
21,195,21195,KY
21,197,21197,KY
21,199,21199,KY
21,201,21201,KY
21,203,21203,KY
21,205,21205,KY
21,207,21207,KY
21,209,21209,KY
21,211,21211,KY
21,213,21213,KY
21,215,21215,KY
21,217,21217,KY
21,219,21219,KY
21,221,21221,KY
21,223,21223,KY
21,225,21225,KY
21,227,21227,KY
21,229,21229,KY
21,231,21231,KY
21,233,21233,KY
21,235,21235,KY
21,237,21237,KY
21,239,21239,KY
22,1,22001,LA
22,3,22003,LA
22,5,22005,LA
22,7,22007,LA
22,9,22009,LA
22,11,22011,LA
22,13,22013,LA
22,15,22015,LA
22,17,22017,LA
22,19,22019,LA
22,21,22021,LA
22,23,22023,LA
22,25,22025,LA
22,27,22027,LA
22,29,22029,LA
22,31,22031,LA
22,33,22033,LA
22,35,22035,LA
22,37,22037,LA
22,39,22039,LA
22,41,22041,LA
22,43,22043,LA
22,45,22045,LA
22,47,22047,LA
22,49,22049,LA
22,51,22051,LA
22,53,22053,LA
22,55,22055,LA
22,57,22057,LA
22,59,22059,LA
22,61,22061,LA
22,63,22063,LA
22,65,22065,LA
22,67,22067,LA
22,69,22069,LA
22,71,22071,LA
22,73,22073,LA
22,75,22075,LA
22,77,22077,LA
22,79,22079,LA
22,81,22081,LA
22,83,22083,LA
22,85,22085,LA
22,87,22087,LA
22,89,22089,LA
22,91,22091,LA
22,93,22093,LA
22,95,22095,LA
22,97,22097,LA
22,99,22099,LA
22,101,22101,LA
22,103,22103,LA
22,105,22105,LA
22,107,22107,LA
22,109,22109,LA
22,111,22111,LA
22,113,22113,LA
22,115,22115,LA
22,117,22117,LA
22,119,22119,LA
22,121,22121,LA
22,123,22123,LA
22,125,22125,LA
22,127,22127,LA
23,1,23001,ME
23,3,23003,ME
23,5,23005,ME
23,7,23007,ME
23,9,23009,ME
23,11,23011,ME
23,13,23013,ME
23,15,23015,ME
23,17,23017,ME
23,19,23019,ME
23,21,23021,ME
23,23,23023,ME
23,25,23025,ME
23,27,23027,ME
23,29,23029,ME
23,31,23031,ME
24,1,24001,MD
24,3,24003,MD
24,5,24005,MD
24,9,24009,MD
24,11,24011,MD
24,13,24013,MD
24,15,24015,MD
24,17,24017,MD
24,19,24019,MD
24,21,24021,MD
24,23,24023,MD
24,25,24025,MD
24,27,24027,MD
24,29,24029,MD
24,31,24031,MD
24,33,24033,MD
24,35,24035,MD
24,37,24037,MD
24,39,24039,MD
24,41,24041,MD
24,43,24043,MD
24,45,24045,MD
24,47,24047,MD
24,510,24510,MD
25,1,25001,MA
25,3,25003,MA
25,5,25005,MA
25,7,25007,MA
25,9,25009,MA
25,11,25011,MA
25,13,25013,MA
25,15,25015,MA
25,17,25017,MA
25,19,25019,MA
25,21,25021,MA
25,23,25023,MA
25,25,25025,MA
25,27,25027,MA
26,1,26001,MI
26,3,26003,MI
26,5,26005,MI
26,7,26007,MI
26,9,26009,MI
26,11,26011,MI
26,13,26013,MI
26,15,26015,MI
26,17,26017,MI
26,19,26019,MI
26,21,26021,MI
26,23,26023,MI
26,25,26025,MI
26,27,26027,MI
26,29,26029,MI
26,31,26031,MI
26,33,26033,MI
26,35,26035,MI
26,37,26037,MI
26,39,26039,MI
26,41,26041,MI
26,43,26043,MI
26,45,26045,MI
26,47,26047,MI
26,49,26049,MI
26,51,26051,MI
26,53,26053,MI
26,55,26055,MI
26,57,26057,MI
26,59,26059,MI
26,61,26061,MI
26,63,26063,MI
26,65,26065,MI
26,67,26067,MI
26,69,26069,MI
26,71,26071,MI
26,73,26073,MI
26,75,26075,MI
26,77,26077,MI
26,79,26079,MI
26,81,26081,MI
26,83,26083,MI
26,85,26085,MI
26,87,26087,MI
26,89,26089,MI
26,91,26091,MI
26,93,26093,MI
26,95,26095,MI
26,97,26097,MI
26,99,26099,MI
26,101,26101,MI
26,103,26103,MI
26,105,26105,MI
26,107,26107,MI
26,109,26109,MI
26,111,26111,MI
26,113,26113,MI
26,115,26115,MI
26,117,26117,MI
26,119,26119,MI
26,121,26121,MI
26,123,26123,MI
26,125,26125,MI
26,127,26127,MI
26,129,26129,MI
26,131,26131,MI
26,133,26133,MI
26,135,26135,MI
26,137,26137,MI
26,139,26139,MI
26,141,26141,MI
26,143,26143,MI
26,145,26145,MI
26,147,26147,MI
26,149,26149,MI
26,151,26151,MI
26,153,26153,MI
26,155,26155,MI
26,157,26157,MI
26,159,26159,MI
26,161,26161,MI
26,163,26163,MI
26,165,26165,MI
27,1,27001,MN
27,3,27003,MN
27,5,27005,MN
27,7,27007,MN
27,9,27009,MN
27,11,27011,MN
27,13,27013,MN
27,15,27015,MN
27,17,27017,MN
27,19,27019,MN
27,21,27021,MN
27,23,27023,MN
27,25,27025,MN
27,27,27027,MN
27,29,27029,MN
27,31,27031,MN
27,33,27033,MN
27,35,27035,MN
27,37,27037,MN
27,39,27039,MN
27,41,27041,MN
27,43,27043,MN
27,45,27045,MN
27,47,27047,MN
27,49,27049,MN
27,51,27051,MN
27,53,27053,MN
27,55,27055,MN
27,57,27057,MN
27,59,27059,MN
27,61,27061,MN
27,63,27063,MN
27,65,27065,MN
27,67,27067,MN
27,69,27069,MN
27,71,27071,MN
27,73,27073,MN
27,75,27075,MN
27,77,27077,MN
27,79,27079,MN
27,81,27081,MN
27,83,27083,MN
27,85,27085,MN
27,87,27087,MN
27,89,27089,MN
27,91,27091,MN
27,93,27093,MN
27,95,27095,MN
27,97,27097,MN
27,99,27099,MN
27,101,27101,MN
27,103,27103,MN
27,105,27105,MN
27,107,27107,MN
27,109,27109,MN
27,111,27111,MN
27,113,27113,MN
27,115,27115,MN
27,117,27117,MN
27,119,27119,MN
27,121,27121,MN
27,123,27123,MN
27,125,27125,MN
27,127,27127,MN
27,129,27129,MN
27,131,27131,MN
27,133,27133,MN
27,135,27135,MN
27,137,27137,MN
27,139,27139,MN
27,141,27141,MN
27,143,27143,MN
27,145,27145,MN
27,147,27147,MN
27,149,27149,MN
27,151,27151,MN
27,153,27153,MN
27,155,27155,MN
27,157,27157,MN
27,159,27159,MN
27,161,27161,MN
27,163,27163,MN
27,165,27165,MN
27,167,27167,MN
27,169,27169,MN
27,171,27171,MN
27,173,27173,MN
28,1,28001,MS
28,3,28003,MS
28,5,28005,MS
28,7,28007,MS
28,9,28009,MS
28,11,28011,MS
28,13,28013,MS
28,15,28015,MS
28,17,28017,MS
28,19,28019,MS
28,21,28021,MS
28,23,28023,MS
28,25,28025,MS
28,27,28027,MS
28,29,28029,MS
28,31,28031,MS
28,33,28033,MS
28,35,28035,MS
28,37,28037,MS
28,39,28039,MS
28,41,28041,MS
28,43,28043,MS
28,45,28045,MS
28,47,28047,MS
28,49,28049,MS
28,51,28051,MS
28,53,28053,MS
28,55,28055,MS
28,57,28057,MS
28,59,28059,MS
28,61,28061,MS
28,63,28063,MS
28,65,28065,MS
28,67,28067,MS
28,69,28069,MS
28,71,28071,MS
28,73,28073,MS
28,75,28075,MS
28,77,28077,MS
28,79,28079,MS
28,81,28081,MS
28,83,28083,MS
28,85,28085,MS
28,87,28087,MS
28,89,28089,MS
28,91,28091,MS
28,93,28093,MS
28,95,28095,MS
28,97,28097,MS
28,99,28099,MS
28,101,28101,MS
28,103,28103,MS
28,105,28105,MS
28,107,28107,MS
28,109,28109,MS
28,111,28111,MS
28,113,28113,MS
28,115,28115,MS
28,117,28117,MS
28,119,28119,MS
28,121,28121,MS
28,123,28123,MS
28,125,28125,MS
28,127,28127,MS
28,129,28129,MS
28,131,28131,MS
28,133,28133,MS
28,135,28135,MS
28,137,28137,MS
28,139,28139,MS
28,141,28141,MS
28,143,28143,MS
28,145,28145,MS
28,147,28147,MS
28,149,28149,MS
28,151,28151,MS
28,153,28153,MS
28,155,28155,MS
28,157,28157,MS
28,159,28159,MS
28,161,28161,MS
28,163,28163,MS
29,1,29001,MO
29,3,29003,MO
29,5,29005,MO
29,7,29007,MO
29,9,29009,MO
29,11,29011,MO
29,13,29013,MO
29,15,29015,MO
29,17,29017,MO
29,19,29019,MO
29,21,29021,MO
29,23,29023,MO
29,25,29025,MO
29,27,29027,MO
29,29,29029,MO
29,31,29031,MO
29,33,29033,MO
29,35,29035,MO
29,37,29037,MO
29,39,29039,MO
29,41,29041,MO
29,43,29043,MO
29,45,29045,MO
29,47,29047,MO
29,49,29049,MO
29,51,29051,MO
29,53,29053,MO
29,55,29055,MO
29,57,29057,MO
29,59,29059,MO
29,61,29061,MO
29,63,29063,MO
29,65,29065,MO
29,67,29067,MO
29,69,29069,MO
29,71,29071,MO
29,73,29073,MO
29,75,29075,MO
29,77,29077,MO
29,79,29079,MO
29,81,29081,MO
29,83,29083,MO
29,85,29085,MO
29,87,29087,MO
29,89,29089,MO
29,91,29091,MO
29,93,29093,MO
29,95,29095,MO
29,97,29097,MO
29,99,29099,MO
29,101,29101,MO
29,103,29103,MO
29,105,29105,MO
29,107,29107,MO
29,109,29109,MO
29,111,29111,MO
29,113,29113,MO
29,115,29115,MO
29,117,29117,MO
29,119,29119,MO
29,121,29121,MO
29,123,29123,MO
29,125,29125,MO
29,127,29127,MO
29,129,29129,MO
29,131,29131,MO
29,133,29133,MO
29,135,29135,MO
29,137,29137,MO
29,139,29139,MO
29,141,29141,MO
29,143,29143,MO
29,145,29145,MO
29,147,29147,MO
29,149,29149,MO
29,151,29151,MO
29,153,29153,MO
29,155,29155,MO
29,157,29157,MO
29,159,29159,MO
29,161,29161,MO
29,163,29163,MO
29,165,29165,MO
29,167,29167,MO
29,169,29169,MO
29,171,29171,MO
29,173,29173,MO
29,175,29175,MO
29,177,29177,MO
29,179,29179,MO
29,181,29181,MO
29,183,29183,MO
29,185,29185,MO
29,186,29186,MO
29,187,29187,MO
29,189,29189,MO
29,195,29195,MO
29,197,29197,MO
29,199,29199,MO
29,201,29201,MO
29,203,29203,MO
29,205,29205,MO
29,207,29207,MO
29,209,29209,MO
29,211,29211,MO
29,213,29213,MO
29,215,29215,MO
29,217,29217,MO
29,219,29219,MO
29,221,29221,MO
29,223,29223,MO
29,225,29225,MO
29,227,29227,MO
29,229,29229,MO
29,510,29510,MO
30,1,30001,MT
30,3,30003,MT
30,5,30005,MT
30,7,30007,MT
30,9,30009,MT
30,11,30011,MT
30,13,30013,MT
30,15,30015,MT
30,17,30017,MT
30,19,30019,MT
30,21,30021,MT
30,23,30023,MT
30,25,30025,MT
30,27,30027,MT
30,29,30029,MT
30,31,30031,MT
30,33,30033,MT
30,35,30035,MT
30,37,30037,MT
30,39,30039,MT
30,41,30041,MT
30,43,30043,MT
30,45,30045,MT
30,47,30047,MT
30,49,30049,MT
30,51,30051,MT
30,53,30053,MT
30,55,30055,MT
30,57,30057,MT
30,59,30059,MT
30,61,30061,MT
30,63,30063,MT
30,65,30065,MT
30,67,30067,MT
30,69,30069,MT
30,71,30071,MT
30,73,30073,MT
30,75,30075,MT
30,77,30077,MT
30,79,30079,MT
30,81,30081,MT
30,83,30083,MT
30,85,30085,MT
30,87,30087,MT
30,89,30089,MT
30,91,30091,MT
30,93,30093,MT
30,95,30095,MT
30,97,30097,MT
30,99,30099,MT
30,101,30101,MT
30,103,30103,MT
30,105,30105,MT
30,107,30107,MT
30,109,30109,MT
30,111,30111,MT
30,113,30113,MT
31,1,31001,NE
31,3,31003,NE
31,5,31005,NE
31,7,31007,NE
31,9,31009,NE
31,11,31011,NE
31,13,31013,NE
31,15,31015,NE
31,17,31017,NE
31,19,31019,NE
31,21,31021,NE
31,23,31023,NE
31,25,31025,NE
31,27,31027,NE
31,29,31029,NE
31,31,31031,NE
31,33,31033,NE
31,35,31035,NE
31,37,31037,NE
31,39,31039,NE
31,41,31041,NE
31,43,31043,NE
31,45,31045,NE
31,47,31047,NE
31,49,31049,NE
31,51,31051,NE
31,53,31053,NE
31,55,31055,NE
31,57,31057,NE
31,59,31059,NE
31,61,31061,NE
31,63,31063,NE
31,65,31065,NE
31,67,31067,NE
31,69,31069,NE
31,71,31071,NE
31,73,31073,NE
31,75,31075,NE
31,77,31077,NE
31,79,31079,NE
31,81,31081,NE
31,83,31083,NE
31,85,31085,NE
31,87,31087,NE
31,89,31089,NE
31,91,31091,NE
31,93,31093,NE
31,95,31095,NE
31,97,31097,NE
31,99,31099,NE
31,101,31101,NE
31,103,31103,NE
31,105,31105,NE
31,107,31107,NE
31,109,31109,NE
31,111,31111,NE
31,113,31113,NE
31,115,31115,NE
31,117,31117,NE
31,119,31119,NE
31,121,31121,NE
31,123,31123,NE
31,125,31125,NE
31,127,31127,NE
31,129,31129,NE
31,131,31131,NE
31,133,31133,NE
31,135,31135,NE
31,137,31137,NE
31,139,31139,NE
31,141,31141,NE
31,143,31143,NE
31,145,31145,NE
31,147,31147,NE
31,149,31149,NE
31,151,31151,NE
31,153,31153,NE
31,155,31155,NE
31,157,31157,NE
31,159,31159,NE
31,161,31161,NE
31,163,31163,NE
31,165,31165,NE
31,167,31167,NE
31,169,31169,NE
31,171,31171,NE
31,173,31173,NE
31,175,31175,NE
31,177,31177,NE
31,179,31179,NE
31,181,31181,NE
31,183,31183,NE
31,185,31185,NE
32,1,32001,NV
32,3,32003,NV
32,5,32005,NV
32,7,32007,NV
32,9,32009,NV
32,11,32011,NV
32,13,32013,NV
32,15,32015,NV
32,17,32017,NV
32,19,32019,NV
32,21,32021,NV
32,23,32023,NV
32,27,32027,NV
32,29,32029,NV
32,31,32031,NV
32,33,32033,NV
32,510,32510,NV
33,1,33001,NH
33,3,33003,NH
33,5,33005,NH
33,7,33007,NH
33,9,33009,NH
33,11,33011,NH
33,13,33013,NH
33,15,33015,NH
33,17,33017,NH
33,19,33019,NH
34,1,34001,NJ
34,3,34003,NJ
34,5,34005,NJ
34,7,34007,NJ
34,9,34009,NJ
34,11,34011,NJ
34,13,34013,NJ
34,15,34015,NJ
34,17,34017,NJ
34,19,34019,NJ
34,21,34021,NJ
34,23,34023,NJ
34,25,34025,NJ
34,27,34027,NJ
34,29,34029,NJ
34,31,34031,NJ
34,33,34033,NJ
34,35,34035,NJ
34,37,34037,NJ
34,39,34039,NJ
34,41,34041,NJ
35,1,35001,NM
35,3,35003,NM
35,5,35005,NM
35,6,35006,NM
35,7,35007,NM
35,9,35009,NM
35,11,35011,NM
35,13,35013,NM
35,15,35015,NM
35,17,35017,NM
35,19,35019,NM
35,21,35021,NM
35,23,35023,NM
35,25,35025,NM
35,27,35027,NM
35,28,35028,NM
35,29,35029,NM
35,31,35031,NM
35,33,35033,NM
35,35,35035,NM
35,37,35037,NM
35,39,35039,NM
35,41,35041,NM
35,43,35043,NM
35,45,35045,NM
35,47,35047,NM
35,49,35049,NM
35,51,35051,NM
35,53,35053,NM
35,55,35055,NM
35,57,35057,NM
35,59,35059,NM
35,61,35061,NM
36,1,36001,NY
36,3,36003,NY
36,5,36005,NY
36,7,36007,NY
36,9,36009,NY
36,11,36011,NY
36,13,36013,NY
36,15,36015,NY
36,17,36017,NY
36,19,36019,NY
36,21,36021,NY
36,23,36023,NY
36,25,36025,NY
36,27,36027,NY
36,29,36029,NY
36,31,36031,NY
36,33,36033,NY
36,35,36035,NY
36,37,36037,NY
36,39,36039,NY
36,41,36041,NY
36,43,36043,NY
36,45,36045,NY
36,47,36047,NY
36,49,36049,NY
36,51,36051,NY
36,53,36053,NY
36,55,36055,NY
36,57,36057,NY
36,59,36059,NY
36,61,36061,NY
36,63,36063,NY
36,65,36065,NY
36,67,36067,NY
36,69,36069,NY
36,71,36071,NY
36,73,36073,NY
36,75,36075,NY
36,77,36077,NY
36,79,36079,NY
36,81,36081,NY
36,83,36083,NY
36,85,36085,NY
36,87,36087,NY
36,89,36089,NY
36,91,36091,NY
36,93,36093,NY
36,95,36095,NY
36,97,36097,NY
36,99,36099,NY
36,101,36101,NY
36,103,36103,NY
36,105,36105,NY
36,107,36107,NY
36,109,36109,NY
36,111,36111,NY
36,113,36113,NY
36,115,36115,NY
36,117,36117,NY
36,119,36119,NY
36,121,36121,NY
36,123,36123,NY
37,1,37001,NC
37,3,37003,NC
37,5,37005,NC
37,7,37007,NC
37,9,37009,NC
37,11,37011,NC
37,13,37013,NC
37,15,37015,NC
37,17,37017,NC
37,19,37019,NC
37,21,37021,NC
37,23,37023,NC
37,25,37025,NC
37,27,37027,NC
37,29,37029,NC
37,31,37031,NC
37,33,37033,NC
37,35,37035,NC
37,37,37037,NC
37,39,37039,NC
37,41,37041,NC
37,43,37043,NC
37,45,37045,NC
37,47,37047,NC
37,49,37049,NC
37,51,37051,NC
37,53,37053,NC
37,55,37055,NC
37,57,37057,NC
37,59,37059,NC
37,61,37061,NC
37,63,37063,NC
37,65,37065,NC
37,67,37067,NC
37,69,37069,NC
37,71,37071,NC
37,73,37073,NC
37,75,37075,NC
37,77,37077,NC
37,79,37079,NC
37,81,37081,NC
37,83,37083,NC
37,85,37085,NC
37,87,37087,NC
37,89,37089,NC
37,91,37091,NC
37,93,37093,NC
37,95,37095,NC
37,97,37097,NC
37,99,37099,NC
37,101,37101,NC
37,103,37103,NC
37,105,37105,NC
37,107,37107,NC
37,109,37109,NC
37,111,37111,NC
37,113,37113,NC
37,115,37115,NC
37,117,37117,NC
37,119,37119,NC
37,121,37121,NC
37,123,37123,NC
37,125,37125,NC
37,127,37127,NC
37,129,37129,NC
37,131,37131,NC
37,133,37133,NC
37,135,37135,NC
37,137,37137,NC
37,139,37139,NC
37,141,37141,NC
37,143,37143,NC
37,145,37145,NC
37,147,37147,NC
37,149,37149,NC
37,151,37151,NC
37,153,37153,NC
37,155,37155,NC
37,157,37157,NC
37,159,37159,NC
37,161,37161,NC
37,163,37163,NC
37,165,37165,NC
37,167,37167,NC
37,169,37169,NC
37,171,37171,NC
37,173,37173,NC
37,175,37175,NC
37,177,37177,NC
37,179,37179,NC
37,181,37181,NC
37,183,37183,NC
37,185,37185,NC
37,187,37187,NC
37,189,37189,NC
37,191,37191,NC
37,193,37193,NC
37,195,37195,NC
37,197,37197,NC
37,199,37199,NC
38,1,38001,ND
38,3,38003,ND
38,5,38005,ND
38,7,38007,ND
38,9,38009,ND
38,11,38011,ND
38,13,38013,ND
38,15,38015,ND
38,17,38017,ND
38,19,38019,ND
38,21,38021,ND
38,23,38023,ND
38,25,38025,ND
38,27,38027,ND
38,29,38029,ND
38,31,38031,ND
38,33,38033,ND
38,35,38035,ND
38,37,38037,ND
38,39,38039,ND
38,41,38041,ND
38,43,38043,ND
38,45,38045,ND
38,47,38047,ND
38,49,38049,ND
38,51,38051,ND
38,53,38053,ND
38,55,38055,ND
38,57,38057,ND
38,59,38059,ND
38,61,38061,ND
38,63,38063,ND
38,65,38065,ND
38,67,38067,ND
38,69,38069,ND
38,71,38071,ND
38,73,38073,ND
38,75,38075,ND
38,77,38077,ND
38,79,38079,ND
38,81,38081,ND
38,83,38083,ND
38,85,38085,ND
38,87,38087,ND
38,89,38089,ND
38,91,38091,ND
38,93,38093,ND
38,95,38095,ND
38,97,38097,ND
38,99,38099,ND
38,101,38101,ND
38,103,38103,ND
38,105,38105,ND
39,1,39001,OH
39,3,39003,OH
39,5,39005,OH
39,7,39007,OH
39,9,39009,OH
39,11,39011,OH
39,13,39013,OH
39,15,39015,OH
39,17,39017,OH
39,19,39019,OH
39,21,39021,OH
39,23,39023,OH
39,25,39025,OH
39,27,39027,OH
39,29,39029,OH
39,31,39031,OH
39,33,39033,OH
39,35,39035,OH
39,37,39037,OH
39,39,39039,OH
39,41,39041,OH
39,43,39043,OH
39,45,39045,OH
39,47,39047,OH
39,49,39049,OH
39,51,39051,OH
39,53,39053,OH
39,55,39055,OH
39,57,39057,OH
39,59,39059,OH
39,61,39061,OH
39,63,39063,OH
39,65,39065,OH
39,67,39067,OH
39,69,39069,OH
39,71,39071,OH
39,73,39073,OH
39,75,39075,OH
39,77,39077,OH
39,79,39079,OH
39,81,39081,OH
39,83,39083,OH
39,85,39085,OH
39,87,39087,OH
39,89,39089,OH
39,91,39091,OH
39,93,39093,OH
39,95,39095,OH
39,97,39097,OH
39,99,39099,OH
39,101,39101,OH
39,103,39103,OH
39,105,39105,OH
39,107,39107,OH
39,109,39109,OH
39,111,39111,OH
39,113,39113,OH
39,115,39115,OH
39,117,39117,OH
39,119,39119,OH
39,121,39121,OH
39,123,39123,OH
39,125,39125,OH
39,127,39127,OH
39,129,39129,OH
39,131,39131,OH
39,133,39133,OH
39,135,39135,OH
39,137,39137,OH
39,139,39139,OH
39,141,39141,OH
39,143,39143,OH
39,145,39145,OH
39,147,39147,OH
39,149,39149,OH
39,151,39151,OH
39,153,39153,OH
39,155,39155,OH
39,157,39157,OH
39,159,39159,OH
39,161,39161,OH
39,163,39163,OH
39,165,39165,OH
39,167,39167,OH
39,169,39169,OH
39,171,39171,OH
39,173,39173,OH
39,175,39175,OH
40,1,40001,OK
40,3,40003,OK
40,5,40005,OK
40,7,40007,OK
40,9,40009,OK
40,11,40011,OK
40,13,40013,OK
40,15,40015,OK
40,17,40017,OK
40,19,40019,OK
40,21,40021,OK
40,23,40023,OK
40,25,40025,OK
40,27,40027,OK
40,29,40029,OK
40,31,40031,OK
40,33,40033,OK
40,35,40035,OK
40,37,40037,OK
40,39,40039,OK
40,41,40041,OK
40,43,40043,OK
40,45,40045,OK
40,47,40047,OK
40,49,40049,OK
40,51,40051,OK
40,53,40053,OK
40,55,40055,OK
40,57,40057,OK
40,59,40059,OK
40,61,40061,OK
40,63,40063,OK
40,65,40065,OK
40,67,40067,OK
40,69,40069,OK
40,71,40071,OK
40,73,40073,OK
40,75,40075,OK
40,77,40077,OK
40,79,40079,OK
40,81,40081,OK
40,83,40083,OK
40,85,40085,OK
40,87,40087,OK
40,89,40089,OK
40,91,40091,OK
40,93,40093,OK
40,95,40095,OK
40,97,40097,OK
40,99,40099,OK
40,101,40101,OK
40,103,40103,OK
40,105,40105,OK
40,107,40107,OK
40,109,40109,OK
40,111,40111,OK
40,113,40113,OK
40,115,40115,OK
40,117,40117,OK
40,119,40119,OK
40,121,40121,OK
40,123,40123,OK
40,125,40125,OK
40,127,40127,OK
40,129,40129,OK
40,131,40131,OK
40,133,40133,OK
40,135,40135,OK
40,137,40137,OK
40,139,40139,OK
40,141,40141,OK
40,143,40143,OK
40,145,40145,OK
40,147,40147,OK
40,149,40149,OK
40,151,40151,OK
40,153,40153,OK
41,1,41001,OR
41,3,41003,OR
41,5,41005,OR
41,7,41007,OR
41,9,41009,OR
41,11,41011,OR
41,13,41013,OR
41,15,41015,OR
41,17,41017,OR
41,19,41019,OR
41,21,41021,OR
41,23,41023,OR
41,25,41025,OR
41,27,41027,OR
41,29,41029,OR
41,31,41031,OR
41,33,41033,OR
41,35,41035,OR
41,37,41037,OR
41,39,41039,OR
41,41,41041,OR
41,43,41043,OR
41,45,41045,OR
41,47,41047,OR
41,49,41049,OR
41,51,41051,OR
41,53,41053,OR
41,55,41055,OR
41,57,41057,OR
41,59,41059,OR
41,61,41061,OR
41,63,41063,OR
41,65,41065,OR
41,67,41067,OR
41,69,41069,OR
41,71,41071,OR
42,1,42001,PA
42,3,42003,PA
42,5,42005,PA
42,7,42007,PA
42,9,42009,PA
42,11,42011,PA
42,13,42013,PA
42,15,42015,PA
42,17,42017,PA
42,19,42019,PA
42,21,42021,PA
42,23,42023,PA
42,25,42025,PA
42,27,42027,PA
42,29,42029,PA
42,31,42031,PA
42,33,42033,PA
42,35,42035,PA
42,37,42037,PA
42,39,42039,PA
42,41,42041,PA
42,43,42043,PA
42,45,42045,PA
42,47,42047,PA
42,49,42049,PA
42,51,42051,PA
42,53,42053,PA
42,55,42055,PA
42,57,42057,PA
42,59,42059,PA
42,61,42061,PA
42,63,42063,PA
42,65,42065,PA
42,67,42067,PA
42,69,42069,PA
42,71,42071,PA
42,73,42073,PA
42,75,42075,PA
42,77,42077,PA
42,79,42079,PA
42,81,42081,PA
42,83,42083,PA
42,85,42085,PA
42,87,42087,PA
42,89,42089,PA
42,91,42091,PA
42,93,42093,PA
42,95,42095,PA
42,97,42097,PA
42,99,42099,PA
42,101,42101,PA
42,103,42103,PA
42,105,42105,PA
42,107,42107,PA
42,109,42109,PA
42,111,42111,PA
42,113,42113,PA
42,115,42115,PA
42,117,42117,PA
42,119,42119,PA
42,121,42121,PA
42,123,42123,PA
42,125,42125,PA
42,127,42127,PA
42,129,42129,PA
42,131,42131,PA
42,133,42133,PA
44,1,44001,RI
44,3,44003,RI
44,5,44005,RI
44,7,44007,RI
44,9,44009,RI
45,1,45001,SC
45,3,45003,SC
45,5,45005,SC
45,7,45007,SC
45,9,45009,SC
45,11,45011,SC
45,13,45013,SC
45,15,45015,SC
45,17,45017,SC
45,19,45019,SC
45,21,45021,SC
45,23,45023,SC
45,25,45025,SC
45,27,45027,SC
45,29,45029,SC
45,31,45031,SC
45,33,45033,SC
45,35,45035,SC
45,37,45037,SC
45,39,45039,SC
45,41,45041,SC
45,43,45043,SC
45,45,45045,SC
45,47,45047,SC
45,49,45049,SC
45,51,45051,SC
45,53,45053,SC
45,55,45055,SC
45,57,45057,SC
45,59,45059,SC
45,61,45061,SC
45,63,45063,SC
45,65,45065,SC
45,67,45067,SC
45,69,45069,SC
45,71,45071,SC
45,73,45073,SC
45,75,45075,SC
45,77,45077,SC
45,79,45079,SC
45,81,45081,SC
45,83,45083,SC
45,85,45085,SC
45,87,45087,SC
45,89,45089,SC
45,91,45091,SC
46,3,46003,SD
46,5,46005,SD
46,7,46007,SD
46,9,46009,SD
46,11,46011,SD
46,13,46013,SD
46,15,46015,SD
46,17,46017,SD
46,19,46019,SD
46,21,46021,SD
46,23,46023,SD
46,25,46025,SD
46,27,46027,SD
46,29,46029,SD
46,31,46031,SD
46,33,46033,SD
46,35,46035,SD
46,37,46037,SD
46,39,46039,SD
46,41,46041,SD
46,43,46043,SD
46,45,46045,SD
46,47,46047,SD
46,49,46049,SD
46,51,46051,SD
46,53,46053,SD
46,55,46055,SD
46,57,46057,SD
46,59,46059,SD
46,61,46061,SD
46,63,46063,SD
46,65,46065,SD
46,67,46067,SD
46,69,46069,SD
46,71,46071,SD
46,73,46073,SD
46,75,46075,SD
46,77,46077,SD
46,79,46079,SD
46,81,46081,SD
46,83,46083,SD
46,85,46085,SD
46,87,46087,SD
46,89,46089,SD
46,91,46091,SD
46,93,46093,SD
46,95,46095,SD
46,97,46097,SD
46,99,46099,SD
46,101,46101,SD
46,103,46103,SD
46,105,46105,SD
46,107,46107,SD
46,109,46109,SD
46,111,46111,SD
46,113,46113,SD
46,115,46115,SD
46,117,46117,SD
46,119,46119,SD
46,121,46121,SD
46,123,46123,SD
46,125,46125,SD
46,127,46127,SD
46,129,46129,SD
46,135,46135,SD
46,137,46137,SD
47,1,47001,TN
47,3,47003,TN
47,5,47005,TN
47,7,47007,TN
47,9,47009,TN
47,11,47011,TN
47,13,47013,TN
47,15,47015,TN
47,17,47017,TN
47,19,47019,TN
47,21,47021,TN
47,23,47023,TN
47,25,47025,TN
47,27,47027,TN
47,29,47029,TN
47,31,47031,TN
47,33,47033,TN
47,35,47035,TN
47,37,47037,TN
47,39,47039,TN
47,41,47041,TN
47,43,47043,TN
47,45,47045,TN
47,47,47047,TN
47,49,47049,TN
47,51,47051,TN
47,53,47053,TN
47,55,47055,TN
47,57,47057,TN
47,59,47059,TN
47,61,47061,TN
47,63,47063,TN
47,65,47065,TN
47,67,47067,TN
47,69,47069,TN
47,71,47071,TN
47,73,47073,TN
47,75,47075,TN
47,77,47077,TN
47,79,47079,TN
47,81,47081,TN
47,83,47083,TN
47,85,47085,TN
47,87,47087,TN
47,89,47089,TN
47,91,47091,TN
47,93,47093,TN
47,95,47095,TN
47,97,47097,TN
47,99,47099,TN
47,101,47101,TN
47,103,47103,TN
47,105,47105,TN
47,107,47107,TN
47,109,47109,TN
47,111,47111,TN
47,113,47113,TN
47,115,47115,TN
47,117,47117,TN
47,119,47119,TN
47,121,47121,TN
47,123,47123,TN
47,125,47125,TN
47,127,47127,TN
47,129,47129,TN
47,131,47131,TN
47,133,47133,TN
47,135,47135,TN
47,137,47137,TN
47,139,47139,TN
47,141,47141,TN
47,143,47143,TN
47,145,47145,TN
47,147,47147,TN
47,149,47149,TN
47,151,47151,TN
47,153,47153,TN
47,155,47155,TN
47,157,47157,TN
47,159,47159,TN
47,161,47161,TN
47,163,47163,TN
47,165,47165,TN
47,167,47167,TN
47,169,47169,TN
47,171,47171,TN
47,173,47173,TN
47,175,47175,TN
47,177,47177,TN
47,179,47179,TN
47,181,47181,TN
47,183,47183,TN
47,185,47185,TN
47,187,47187,TN
47,189,47189,TN
48,1,48001,TX
48,3,48003,TX
48,5,48005,TX
48,7,48007,TX
48,9,48009,TX
48,11,48011,TX
48,13,48013,TX
48,15,48015,TX
48,17,48017,TX
48,19,48019,TX
48,21,48021,TX
48,23,48023,TX
48,25,48025,TX
48,27,48027,TX
48,29,48029,TX
48,31,48031,TX
48,33,48033,TX
48,35,48035,TX
48,37,48037,TX
48,39,48039,TX
48,41,48041,TX
48,43,48043,TX
48,45,48045,TX
48,47,48047,TX
48,49,48049,TX
48,51,48051,TX
48,53,48053,TX
48,55,48055,TX
48,57,48057,TX
48,59,48059,TX
48,61,48061,TX
48,63,48063,TX
48,65,48065,TX
48,67,48067,TX
48,69,48069,TX
48,71,48071,TX
48,73,48073,TX
48,75,48075,TX
48,77,48077,TX
48,79,48079,TX
48,81,48081,TX
48,83,48083,TX
48,85,48085,TX
48,87,48087,TX
48,89,48089,TX
48,91,48091,TX
48,93,48093,TX
48,95,48095,TX
48,97,48097,TX
48,99,48099,TX
48,101,48101,TX
48,103,48103,TX
48,105,48105,TX
48,107,48107,TX
48,109,48109,TX
48,111,48111,TX
48,113,48113,TX
48,115,48115,TX
48,117,48117,TX
48,119,48119,TX
48,121,48121,TX
48,123,48123,TX
48,125,48125,TX
48,127,48127,TX
48,129,48129,TX
48,131,48131,TX
48,133,48133,TX
48,135,48135,TX
48,137,48137,TX
48,139,48139,TX
48,141,48141,TX
48,143,48143,TX
48,145,48145,TX
48,147,48147,TX
48,149,48149,TX
48,151,48151,TX
48,153,48153,TX
48,155,48155,TX
48,157,48157,TX
48,159,48159,TX
48,161,48161,TX
48,163,48163,TX
48,165,48165,TX
48,167,48167,TX
48,169,48169,TX
48,171,48171,TX
48,173,48173,TX
48,175,48175,TX
48,177,48177,TX
48,179,48179,TX
48,181,48181,TX
48,183,48183,TX
48,185,48185,TX
48,187,48187,TX
48,189,48189,TX
48,191,48191,TX
48,193,48193,TX
48,195,48195,TX
48,197,48197,TX
48,199,48199,TX
48,201,48201,TX
48,203,48203,TX
48,205,48205,TX
48,207,48207,TX
48,209,48209,TX
48,211,48211,TX
48,213,48213,TX
48,215,48215,TX
48,217,48217,TX
48,219,48219,TX
48,221,48221,TX
48,223,48223,TX
48,225,48225,TX
48,227,48227,TX
48,229,48229,TX
48,231,48231,TX
48,233,48233,TX
48,235,48235,TX
48,237,48237,TX
48,239,48239,TX
48,241,48241,TX
48,243,48243,TX
48,245,48245,TX
48,247,48247,TX
48,249,48249,TX
48,251,48251,TX
48,253,48253,TX
48,255,48255,TX
48,257,48257,TX
48,259,48259,TX
48,261,48261,TX
48,263,48263,TX
48,265,48265,TX
48,267,48267,TX
48,269,48269,TX
48,271,48271,TX
48,273,48273,TX
48,275,48275,TX
48,277,48277,TX
48,279,48279,TX
48,281,48281,TX
48,283,48283,TX
48,285,48285,TX
48,287,48287,TX
48,289,48289,TX
48,291,48291,TX
48,293,48293,TX
48,295,48295,TX
48,297,48297,TX
48,299,48299,TX
48,301,48301,TX
48,303,48303,TX
48,305,48305,TX
48,307,48307,TX
48,309,48309,TX
48,311,48311,TX
48,313,48313,TX
48,315,48315,TX
48,317,48317,TX
48,319,48319,TX
48,321,48321,TX
48,323,48323,TX
48,325,48325,TX
48,327,48327,TX
48,329,48329,TX
48,331,48331,TX
48,333,48333,TX
48,335,48335,TX
48,337,48337,TX
48,339,48339,TX
48,341,48341,TX
48,343,48343,TX
48,345,48345,TX
48,347,48347,TX
48,349,48349,TX
48,351,48351,TX
48,353,48353,TX
48,355,48355,TX
48,357,48357,TX
48,359,48359,TX
48,361,48361,TX
48,363,48363,TX
48,365,48365,TX
48,367,48367,TX
48,369,48369,TX
48,371,48371,TX
48,373,48373,TX
48,375,48375,TX
48,377,48377,TX
48,379,48379,TX
48,381,48381,TX
48,383,48383,TX
48,385,48385,TX
48,387,48387,TX
48,389,48389,TX
48,391,48391,TX
48,393,48393,TX
48,395,48395,TX
48,397,48397,TX
48,399,48399,TX
48,401,48401,TX
48,403,48403,TX
48,405,48405,TX
48,407,48407,TX
48,409,48409,TX
48,411,48411,TX
48,413,48413,TX
48,415,48415,TX
48,417,48417,TX
48,419,48419,TX
48,421,48421,TX
48,423,48423,TX
48,425,48425,TX
48,427,48427,TX
48,429,48429,TX
48,431,48431,TX
48,433,48433,TX
48,435,48435,TX
48,437,48437,TX
48,439,48439,TX
48,441,48441,TX
48,443,48443,TX
48,445,48445,TX
48,447,48447,TX
48,449,48449,TX
48,451,48451,TX
48,453,48453,TX
48,455,48455,TX
48,457,48457,TX
48,459,48459,TX
48,461,48461,TX
48,463,48463,TX
48,465,48465,TX
48,467,48467,TX
48,469,48469,TX
48,471,48471,TX
48,473,48473,TX
48,475,48475,TX
48,477,48477,TX
48,479,48479,TX
48,481,48481,TX
48,483,48483,TX
48,485,48485,TX
48,487,48487,TX
48,489,48489,TX
48,491,48491,TX
48,493,48493,TX
48,495,48495,TX
48,497,48497,TX
48,499,48499,TX
48,501,48501,TX
48,503,48503,TX
48,505,48505,TX
48,507,48507,TX
49,1,49001,UT
49,3,49003,UT
49,5,49005,UT
49,7,49007,UT
49,9,49009,UT
49,11,49011,UT
49,13,49013,UT
49,15,49015,UT
49,17,49017,UT
49,19,49019,UT
49,21,49021,UT
49,23,49023,UT
49,25,49025,UT
49,27,49027,UT
49,29,49029,UT
49,31,49031,UT
49,33,49033,UT
49,35,49035,UT
49,37,49037,UT
49,39,49039,UT
49,41,49041,UT
49,43,49043,UT
49,45,49045,UT
49,47,49047,UT
49,49,49049,UT
49,51,49051,UT
49,53,49053,UT
49,55,49055,UT
49,57,49057,UT
50,1,50001,VT
50,3,50003,VT
50,5,50005,VT
50,7,50007,VT
50,9,50009,VT
50,11,50011,VT
50,13,50013,VT
50,15,50015,VT
50,17,50017,VT
50,19,50019,VT
50,21,50021,VT
50,23,50023,VT
50,25,50025,VT
50,27,50027,VT
51,1,51001,VA
51,3,51003,VA
51,5,51005,VA
51,7,51007,VA
51,9,51009,VA
51,11,51011,VA
51,13,51013,VA
51,15,51015,VA
51,17,51017,VA
51,19,51019,VA
51,21,51021,VA
51,23,51023,VA
51,25,51025,VA
51,27,51027,VA
51,29,51029,VA
51,31,51031,VA
51,33,51033,VA
51,35,51035,VA
51,36,51036,VA
51,37,51037,VA
51,41,51041,VA
51,43,51043,VA
51,45,51045,VA
51,47,51047,VA
51,49,51049,VA
51,51,51051,VA
51,53,51053,VA
51,57,51057,VA
51,59,51059,VA
51,61,51061,VA
51,63,51063,VA
51,65,51065,VA
51,67,51067,VA
51,69,51069,VA
51,71,51071,VA
51,73,51073,VA
51,75,51075,VA
51,77,51077,VA
51,79,51079,VA
51,81,51081,VA
51,83,51083,VA
51,85,51085,VA
51,87,51087,VA
51,89,51089,VA
51,91,51091,VA
51,93,51093,VA
51,95,51095,VA
51,97,51097,VA
51,99,51099,VA
51,101,51101,VA
51,103,51103,VA
51,105,51105,VA
51,107,51107,VA
51,109,51109,VA
51,111,51111,VA
51,113,51113,VA
51,115,51115,VA
51,117,51117,VA
51,119,51119,VA
51,121,51121,VA
51,125,51125,VA
51,127,51127,VA
51,131,51131,VA
51,133,51133,VA
51,135,51135,VA
51,137,51137,VA
51,139,51139,VA
51,141,51141,VA
51,143,51143,VA
51,145,51145,VA
51,147,51147,VA
51,149,51149,VA
51,153,51153,VA
51,155,51155,VA
51,157,51157,VA
51,159,51159,VA
51,161,51161,VA
51,163,51163,VA
51,165,51165,VA
51,167,51167,VA
51,169,51169,VA
51,171,51171,VA
51,173,51173,VA
51,175,51175,VA
51,177,51177,VA
51,179,51179,VA
51,181,51181,VA
51,183,51183,VA
51,185,51185,VA
51,187,51187,VA
51,191,51191,VA
51,193,51193,VA
51,195,51195,VA
51,197,51197,VA
51,199,51199,VA
51,510,51510,VA
51,515,51515,VA
51,520,51520,VA
51,530,51530,VA
51,540,51540,VA
51,550,51550,VA
51,560,51560,VA
51,570,51570,VA
51,580,51580,VA
51,590,51590,VA
51,595,51595,VA
51,600,51600,VA
51,610,51610,VA
51,620,51620,VA
51,630,51630,VA
51,640,51640,VA
51,650,51650,VA
51,660,51660,VA
51,670,51670,VA
51,678,51678,VA
51,680,51680,VA
51,683,51683,VA
51,685,51685,VA
51,690,51690,VA
51,700,51700,VA
51,710,51710,VA
51,720,51720,VA
51,730,51730,VA
51,735,51735,VA
51,740,51740,VA
51,750,51750,VA
51,760,51760,VA
51,770,51770,VA
51,775,51775,VA
51,780,51780,VA
51,790,51790,VA
51,800,51800,VA
51,810,51810,VA
51,820,51820,VA
51,830,51830,VA
51,840,51840,VA
53,1,53001,WA
53,3,53003,WA
53,5,53005,WA
53,7,53007,WA
53,9,53009,WA
53,11,53011,WA
53,13,53013,WA
53,15,53015,WA
53,17,53017,WA
53,19,53019,WA
53,21,53021,WA
53,23,53023,WA
53,25,53025,WA
53,27,53027,WA
53,29,53029,WA
53,31,53031,WA
53,33,53033,WA
53,35,53035,WA
53,37,53037,WA
53,39,53039,WA
53,41,53041,WA
53,43,53043,WA
53,45,53045,WA
53,47,53047,WA
53,49,53049,WA
53,51,53051,WA
53,53,53053,WA
53,55,53055,WA
53,57,53057,WA
53,59,53059,WA
53,61,53061,WA
53,63,53063,WA
53,65,53065,WA
53,67,53067,WA
53,69,53069,WA
53,71,53071,WA
53,73,53073,WA
53,75,53075,WA
53,77,53077,WA
54,1,54001,WV
54,3,54003,WV
54,5,54005,WV
54,7,54007,WV
54,9,54009,WV
54,11,54011,WV
54,13,54013,WV
54,15,54015,WV
54,17,54017,WV
54,19,54019,WV
54,21,54021,WV
54,23,54023,WV
54,25,54025,WV
54,27,54027,WV
54,29,54029,WV
54,31,54031,WV
54,33,54033,WV
54,35,54035,WV
54,37,54037,WV
54,39,54039,WV
54,41,54041,WV
54,43,54043,WV
54,45,54045,WV
54,47,54047,WV
54,49,54049,WV
54,51,54051,WV
54,53,54053,WV
54,55,54055,WV
54,57,54057,WV
54,59,54059,WV
54,61,54061,WV
54,63,54063,WV
54,65,54065,WV
54,67,54067,WV
54,69,54069,WV
54,71,54071,WV
54,73,54073,WV
54,75,54075,WV
54,77,54077,WV
54,79,54079,WV
54,81,54081,WV
54,83,54083,WV
54,85,54085,WV
54,87,54087,WV
54,89,54089,WV
54,91,54091,WV
54,93,54093,WV
54,95,54095,WV
54,97,54097,WV
54,99,54099,WV
54,101,54101,WV
54,103,54103,WV
54,105,54105,WV
54,107,54107,WV
54,109,54109,WV
55,1,55001,WI
55,3,55003,WI
55,5,55005,WI
55,7,55007,WI
55,9,55009,WI
55,11,55011,WI
55,13,55013,WI
55,15,55015,WI
55,17,55017,WI
55,19,55019,WI
55,21,55021,WI
55,23,55023,WI
55,25,55025,WI
55,27,55027,WI
55,29,55029,WI
55,31,55031,WI
55,33,55033,WI
55,35,55035,WI
55,37,55037,WI
55,39,55039,WI
55,41,55041,WI
55,43,55043,WI
55,45,55045,WI
55,47,55047,WI
55,49,55049,WI
55,51,55051,WI
55,53,55053,WI
55,55,55055,WI
55,57,55057,WI
55,59,55059,WI
55,61,55061,WI
55,63,55063,WI
55,65,55065,WI
55,67,55067,WI
55,69,55069,WI
55,71,55071,WI
55,73,55073,WI
55,75,55075,WI
55,77,55077,WI
55,78,55078,WI
55,79,55079,WI
55,81,55081,WI
55,83,55083,WI
55,85,55085,WI
55,87,55087,WI
55,89,55089,WI
55,91,55091,WI
55,93,55093,WI
55,95,55095,WI
55,97,55097,WI
55,99,55099,WI
55,101,55101,WI
55,103,55103,WI
55,105,55105,WI
55,107,55107,WI
55,109,55109,WI
55,111,55111,WI
55,113,55113,WI
55,115,55115,WI
55,117,55117,WI
55,119,55119,WI
55,121,55121,WI
55,123,55123,WI
55,125,55125,WI
55,127,55127,WI
55,129,55129,WI
55,131,55131,WI
55,133,55133,WI
55,135,55135,WI
55,137,55137,WI
55,139,55139,WI
55,141,55141,WI
56,1,56001,WY
56,3,56003,WY
56,5,56005,WY
56,7,56007,WY
56,9,56009,WY
56,11,56011,WY
56,13,56013,WY
56,15,56015,WY
56,17,56017,WY
56,19,56019,WY
56,21,56021,WY
56,23,56023,WY
56,25,56025,WY
56,27,56027,WY
56,29,56029,WY
56,31,56031,WY
56,33,56033,WY
56,35,56035,WY
56,37,56037,WY
56,39,56039,WY
56,41,56041,WY
56,43,56043,WY
56,45,56045,WY
60,10,60010,AS
60,20,60020,AS
60,20,60020,AS
60,20,60020,AS
60,50,60050,AS
66,10,66010,MP
66,10,66010,GU
69,100,69100,MP
69,110,69110,MP
69,120,69120,MP
69,120,69120,MP
72,1,72001,PR
72,3,72003,PR
72,5,72005,PR
72,7,72007,PR
72,9,72009,PR
72,11,72011,PR
72,13,72013,PR
72,15,72015,PR
72,17,72017,PR
72,19,72019,PR
72,21,72021,PR
72,23,72023,PR
72,25,72025,PR
72,27,72027,PR
72,29,72029,PR
72,31,72031,PR
72,33,72033,PR
72,35,72035,PR
72,37,72037,PR
72,41,72041,PR
72,43,72043,PR
72,45,72045,PR
72,47,72047,PR
72,49,72049,PR
72,51,72051,PR
72,53,72053,PR
72,54,72054,PR
72,55,72055,PR
72,57,72057,PR
72,59,72059,PR
72,61,72061,PR
72,63,72063,PR
72,65,72065,PR
72,67,72067,PR
72,71,72071,PR
72,73,72073,PR
72,75,72075,PR
72,77,72077,PR
72,79,72079,PR
72,81,72081,PR
72,83,72083,PR
72,85,72085,PR
72,87,72087,PR
72,89,72089,PR
72,91,72091,PR
72,93,72093,PR
72,95,72095,PR
72,97,72097,PR
72,99,72099,PR
72,101,72101,PR
72,103,72103,PR
72,105,72105,PR
72,107,72107,PR
72,109,72109,PR
72,111,72111,PR
72,113,72113,PR
72,115,72115,PR
72,117,72117,PR
72,119,72119,PR
72,121,72121,PR
72,123,72123,PR
72,125,72125,PR
72,127,72127,PR
72,129,72129,PR
72,131,72131,PR
72,133,72133,PR
72,135,72135,PR
72,137,72137,PR
72,139,72139,PR
72,141,72141,PR
72,143,72143,PR
72,145,72145,PR
72,147,72147,PR
72,149,72149,PR
72,151,72151,PR
72,153,72153,PR
78,10,78010,VI
78,20,78020,VI
78,30,78030,VI
